{"cameraMode":{"drawMode":0,"name":"Shaded","section":"Shading Mode"},"sceneLighting":true,"audioPlay":false,"sceneViewState":{"showFog":true,"showMaterialUpdate":true,"showSkybox":true,"showFlares":true,"showImageEffects":true,"showParticleSystems":true},"in2DMode":false,"pivot":{"x":-25.67300033569336,"y":1.2965998649597169,"z":7.962000846862793},"rotation":{"x":-0.2433522343635559,"y":0.03876186162233353,"z":-0.010252164676785469,"w":-0.9692959189414978},"size":7.409660339355469,"orthographic":true}