{"cameraMode":{"drawMode":0,"name":"Shaded","section":"Shading Mode"},"sceneLighting":true,"audioPlay":false,"sceneViewState":{"showFog":true,"showMaterialUpdate":true,"showSkybox":true,"showFlares":true,"showImageEffects":true,"showParticleSystems":true},"in2DMode":false,"pivot":{"x":49.80333709716797,"y":10.500862121582032,"z":15.921821594238282},"rotation":{"x":0.32249802350997927,"y":0.5844817161560059,"z":0.2713835835456848,"w":-0.693608820438385},"size":46.59141159057617,"orthographic":true}