{"cameraMode":{"drawMode":0,"name":"Shaded","section":"Shading Mode"},"sceneLighting":true,"audioPlay":false,"sceneViewState":{"showFog":true,"showMaterialUpdate":true,"showSkybox":true,"showFlares":true,"showImageEffects":true,"showParticleSystems":true},"in2DMode":false,"pivot":{"x":-29.893497467041017,"y":-2.064603328704834,"z":19.578834533691408},"rotation":{"x":-0.23317569494247437,"y":0.03740983083844185,"z":-0.00949377566576004,"w":-0.9718543887138367},"size":9.399592399597168,"orthographic":true}