{"cameraMode":{"drawMode":0,"name":"Shaded","section":"Shading Mode"},"sceneLighting":true,"audioPlay":false,"sceneViewState":{"showFog":true,"showMaterialUpdate":true,"showSkybox":true,"showFlares":true,"showImageEffects":true,"showParticleSystems":true},"in2DMode":false,"pivot":{"x":-29.920215606689454,"y":2.3952159881591799,"z":-6.064836502075195},"rotation":{"x":0.07907262444496155,"y":-0.03986985608935356,"z":0.0030841513071209194,"w":0.9961702227592468},"size":3.0353236198425295,"orthographic":true}