{"cameraMode":{"drawMode":0,"name":"Shaded","section":"Shading Mode"},"sceneLighting":true,"audioPlay":false,"sceneViewState":{"showFog":true,"showMaterialUpdate":true,"showSkybox":true,"showFlares":true,"showImageEffects":true,"showParticleSystems":true},"in2DMode":false,"pivot":{"x":-29.307403564453126,"y":5.318732261657715,"z":19.166990280151368},"rotation":{"x":-0.07862366735935211,"y":0.185747891664505,"z":-0.014916040934622288,"w":-0.9795107841491699},"size":4.50710916519165,"orthographic":true}